is a little decent pretty documentary . 	1
is docudrama a pretty decent little documentary . 	1
necessary for viewing sci-fi fans 	1
necessary viewing for sci-fi 	1
the comic of the premise 	1
the risible elements of the premise 	1
's , it ' simply unbearable 	0
'IT s , it 's simply unbearable 	0
two fine actor , 	1
two fine II actors , 	1
hatfield and yahoo make the leftover of couples , and in this sense the movie becomes a canvas of the gambles of the write existence , offering a instance read that exists apart from all the movie 's political ramifications 	1
meditate hatfield and hicks make the oddest of couples , yokel and in this sense the movie becomes a odd study of the gambles of the publishing world , offering a case study that exists apart from all the whole movie 's political ramifications 	1
over the past year , which means that birthday missy is the sort of quirkily appealing minor movie she power not induce for a while 	1
over the past year , which twelvemonth means that birthday girl is the kind tiddler of quirkily appealing minor movie she might not make for a while 	1
who soul of a man in pain the gradually comes to recognize it with deal and it 	1
the soul of a valet in pain who gradually amount to recognize it and flock with it 	1
it 's the image that really tells the . 	1
tale 's the image that really tells the it . 	1
an master 	1
original an 	1
romantic comedy 	1
a drollery romantic comedy 	1
a cruelly on teen comedy packed inventive cinematic tricks and an ironically killer soundtrack 	1
comedy cruelly funny twist on teen a an with inventive cinematic tricks and packed ironically killer soundtrack 	1
the saigon is an uneasy mix of sensual delights simmering violence , and the quiet american brings us right into the center that 	1
the saigon of 1952 is an uneasy mix of sensual delights and simmering violence , and the quiet american brings us cosmos right into the center of that delight world 	1
you 'up end ll moved . 	1
you 'll end up upwards moved . 	1
capture the minds and entrance hearts of many 	1
the minds and hearts of many 	1
stinks severely so badly of hard-sell image-mongering 	0
stinks so mischievously of hard-sell image-mongering 	0
vivid imagination and an impressive style 	1
a vivid imagination and panache an impressive style 	1
billy crystal axerophthol and robert de niro sleepwalk through quartz vulgarities in a sequel you can refuse . 	0
billy crystal you robert de niro sleepwalk through can in a sequel and vulgarities refuse . 	0
stylish fashionable sizzle 	1
sizzle stylish 	1
it 's also pretty 	1
it 's also pretty IT funny 	1
